customer_tier,total_customers,churn_rate,avg_cart_abandon_rate,avg_purchase_value
Low,541,0.0,0.4848798521256931,41.26201478743069
Medium,530,0.0,0.4713396226415094,47.7848679245283
High,488,0.0,0.4989549180327869,54.24639344262295
